{"cameraMode":{"drawMode":0,"name":"Shaded","section":"Shading Mode"},"sceneLighting":false,"audioPlay":false,"sceneViewState":{"showFog":true,"showMaterialUpdate":false,"showSkybox":true,"showFlares":true,"showImageEffects":true,"showParticleSystems":true},"in2DMode":false,"pivot":{"x":5.760000228881836,"y":-0.25200000405311587,"z":1.9700000286102296},"rotation":{"x":-0.18905259668827058,"y":0.022069554775953294,"z":-0.00425533764064312,"w":-0.9817097187042236},"size":3.3276333808898927,"orthographic":false}