{"cameraMode":{"drawMode":0,"name":"Shaded","section":"Shading Mode"},"sceneLighting":false,"audioPlay":false,"sceneViewState":{"showFog":true,"showMaterialUpdate":false,"showSkybox":true,"showFlares":true,"showImageEffects":true,"showParticleSystems":true},"in2DMode":false,"pivot":{"x":-7.03129768371582,"y":-5.636812210083008,"z":5.650683879852295},"rotation":{"x":-0.20036709308624268,"y":-0.24113421142101289,"z":0.0509483776986599,"w":-0.9482149481773377},"size":5.512353420257568,"orthographic":false}