{"cameraMode":{"drawMode":0,"name":"Shaded","section":"Shading Mode"},"sceneLighting":true,"audioPlay":false,"sceneViewState":{"showFog":true,"showMaterialUpdate":false,"showSkybox":true,"showFlares":true,"showImageEffects":true,"showParticleSystems":true},"in2DMode":false,"pivot":{"x":-1.1434447765350342,"y":-0.049607276916503909,"z":-3.5752086639404299},"rotation":{"x":-0.18726274371147157,"y":-0.03215884044766426,"z":0.0061247097328305248,"w":-0.9817641973495483},"size":22.0,"orthographic":false}