{"cameraMode":{"drawMode":0,"name":"Shaded","section":"Shading Mode"},"sceneLighting":false,"audioPlay":false,"sceneViewState":{"showFog":true,"showMaterialUpdate":false,"showSkybox":true,"showFlares":true,"showImageEffects":true,"showParticleSystems":true},"in2DMode":false,"pivot":{"x":6.1714630126953129,"y":-0.1313840001821518,"z":1.9710723161697388},"rotation":{"x":0.0010678345570340753,"y":0.9924336075782776,"z":-0.1224776953458786,"w":0.008581100031733513},"size":5.675986289978027,"orthographic":false}