{"cameraMode":{"drawMode":0,"name":"Shaded","section":"Shading Mode"},"sceneLighting":false,"audioPlay":false,"sceneViewState":{"showFog":true,"showMaterialUpdate":false,"showSkybox":true,"showFlares":true,"showImageEffects":true,"showParticleSystems":true},"in2DMode":false,"pivot":{"x":-0.7452332973480225,"y":-5.739238739013672,"z":6.4138336181640629},"rotation":{"x":-0.17555208504199983,"y":0.007639322895556688,"z":-0.0013706845929846168,"w":-0.9844395518302918},"size":24.737680435180665,"orthographic":false}