{"cameraMode":{"drawMode":0,"name":"Shaded","section":"Shading Mode"},"sceneLighting":true,"audioPlay":false,"sceneViewState":{"showFog":true,"showMaterialUpdate":false,"showSkybox":true,"showFlares":true,"showImageEffects":true,"showParticleSystems":true},"in2DMode":false,"pivot":{"x":4.336623668670654,"y":8.309818267822266,"z":-2.3437788486480715},"rotation":{"x":-0.0354696586728096,"y":0.007752350531518459,"z":-0.00028430891688913107,"w":-0.9993406534194946},"size":22.0,"orthographic":false}