{"cameraMode":{"drawMode":0,"name":"Shaded","section":"Shading Mode"},"sceneLighting":false,"audioPlay":false,"sceneViewState":{"showFog":true,"showMaterialUpdate":false,"showSkybox":true,"showFlares":true,"showImageEffects":true,"showParticleSystems":true},"in2DMode":false,"pivot":{"x":-8.073685646057129,"y":-8.010196685791016,"z":2.8116726875305177},"rotation":{"x":0.026634719222784044,"y":-0.9596261382102966,"z":0.2625369429588318,"w":0.0973791554570198},"size":5.512353420257568,"orthographic":false}