{"cameraMode":{"drawMode":0,"name":"Shaded","section":"Shading Mode"},"sceneLighting":true,"audioPlay":false,"sceneViewState":{"showFog":true,"showMaterialUpdate":false,"showSkybox":true,"showFlares":true,"showImageEffects":true,"showParticleSystems":true},"in2DMode":false,"pivot":{"x":-28.858173370361329,"y":44.593284606933597,"z":-48.86717224121094},"rotation":{"x":-0.1748322993516922,"y":-0.0685042068362236,"z":0.012186916545033455,"w":-0.982136607170105},"size":3.513125419616699,"orthographic":false}