{"cameraMode":{"drawMode":0,"name":"Shaded","section":"Shading Mode"},"sceneLighting":true,"audioPlay":false,"sceneViewState":{"showFog":true,"showMaterialUpdate":false,"showSkybox":true,"showFlares":true,"showImageEffects":true,"showParticleSystems":true},"in2DMode":false,"pivot":{"x":-22.42120933532715,"y":-0.8182291984558106,"z":-15.589883804321289},"rotation":{"x":0.25165703892707827,"y":-0.02665857970714569,"z":0.006943558808416128,"w":0.9674243330955505},"size":5.675987243652344,"orthographic":false}