{"cameraMode":{"drawMode":0,"name":"Shaded","section":"Shading Mode"},"sceneLighting":true,"audioPlay":false,"sceneViewState":{"showFog":true,"showMaterialUpdate":false,"showSkybox":true,"showFlares":true,"showImageEffects":true,"showParticleSystems":true},"in2DMode":false,"pivot":{"x":-3.4260387420654299,"y":-1.5971765518188477,"z":4.2108612060546879},"rotation":{"x":-0.2587343454360962,"y":-0.11044499278068543,"z":0.029783625155687333,"w":-0.9591514468193054},"size":22.0,"orthographic":false}