{"cameraMode":{"drawMode":0,"name":"Shaded","section":"Shading Mode"},"sceneLighting":true,"audioPlay":false,"sceneViewState":{"showFog":true,"showMaterialUpdate":false,"showSkybox":true,"showFlares":true,"showImageEffects":true,"showParticleSystems":true},"in2DMode":false,"pivot":{"x":3.130098581314087,"y":-7.972594261169434,"z":53.241004943847659},"rotation":{"x":-0.09915129840373993,"y":-0.002391719724982977,"z":0.00023842265363782644,"w":-0.9950695037841797},"size":68.91112518310547,"orthographic":false}