{"cameraMode":{"drawMode":0,"name":"Shaded","section":"Shading Mode"},"sceneLighting":true,"audioPlay":false,"sceneViewState":{"showFog":true,"showMaterialUpdate":false,"showSkybox":true,"showFlares":true,"showImageEffects":true,"showParticleSystems":true},"in2DMode":false,"pivot":{"x":-0.4448719024658203,"y":-6.456491470336914,"z":0.25784873962402346},"rotation":{"x":-0.23053960502147675,"y":-0.15769536793231965,"z":0.03789162263274193,"w":-0.9594519138336182},"size":22.0,"orthographic":false}